<?xml version="1.0" encoding="utf-8"?>
<config>
	<params group="cleanup">
		<param name="verify_html" type="radio" default="1" label="WF_PARAM_CLEANUP" description="WF_PARAM_CLEANUP_DESC">
			<option value="1">WF_OPTION_YES</option>
			<option value="0">WF_OPTION_NO</option>
		</param>
                <param name="schema" type="list" default="html4" label="WF_PARAM_DOCTYPE" description="WF_PARAM_DOCTYPE_DESC">
			<option value="html4">HTML4</option>
			<option value="html5">HTML5</option>
		</param>
		<param name="entity_encoding" type="list" default="raw" label="WF_PARAM_ENTITY_ENCODING" description="WF_PARAM_ENTITY_ENCODING_DESC">
			<option value="raw">UTF-8</option>
			<option value="named">WF_PARAM_NAMED</option>
			<option value="numeric">WF_PARAM_NUMERIC</option>
		</param>
		<param name="keep_nbsp" type="radio" default="1" label="WF_PARAM_KEEP_NBSP" description="WF_PARAM_KEEP_NBSP_DESC" parent="entity_encoding[raw]">
			<option value="1">WF_OPTION_YES</option>
                        <option value="0">WF_OPTION_NO</option>
		</param>
                <param name="pad_empty_tags" type="radio" default="1" label="WF_PARAM_PAD_EMPTY_TAGS" description="WF_PARAM_PAD_EMPTY_TAGS_DESC">
			<option value="1">WF_OPTION_YES</option>
                        <option value="0">WF_OPTION_NO</option>
		</param>
		<param name="cleanup_pluginmode" type="radio" default="0" label="WF_PARAM_PLUGIN_MODE" description="WF_PARAM_PLUGIN_MODE_DESC">
			<option value="1">WF_OPTION_YES</option>
			<option value="0">WF_OPTION_NO</option>
		</param>
	</params>
	<params group="format">
		<param name="forced_root_block" type="list" default="p" label="WF_PARAM_ROOT_BLOCK" description="WF_PARAM_ROOT_BLOCK_DESC">
			<option value="p">WF_OPTION_PARAGRAPH</option>
			<option value="div">WF_OPTION_DIV</option>
                        <option value="forced_root_block:0|force_p_newlines:1">WF_OPTION_PARAGRAPH_MIXED</option>
			<option value="0">WF_OPTION_LINEBREAK</option>
		</param>
		<!--param name="newlines" type="list" default="0" label="WF_PARAM_NEWLINES" description="WF_PARAM_NEWLINES_DESC">
			<option value="1">WF_PARAM_LINEBREAKS</option>
			<option value="0">WF_PARAM_PARAGRAPHS</option>
		</param-->
		<param name="content_style_reset" type="radio" default="0" label="WF_PARAM_EDITOR_STYLE_RESET" description="WF_PARAM_EDITOR_STYLE_RESET_DESC">
			<option value="1">WF_OPTION_YES</option>
			<option value="0">WF_OPTION_NO</option>
		</param>
		<param name="content_css" type="list" default="1" label="WF_PARAM_EDITOR_GLOBAL_CSS" description="WF_PARAM_EDITOR_GLOBAL_CSS_DESC">
			<option value="0">WF_PARAM_CSS_CUSTOM</option>
			<option value="1">WF_PARAM_CSS_TEMPLATE</option>
			<option value="2">WF_OPTION_DEFAULT</option>
		</param>
		<param name="content_css_custom" type="textarea" rows="2" cols="50" default="" placeholder="eg: templates/$template/css/content.css" label="WF_PARAM_CSS_CUSTOM" description="WF_PARAM_CSS_CUSTOM_DESC" parent="content_css[0]" />		
                <param name="body_class" type="text" default="" placeholder="eg: content" label="WF_PARAM_EDITOR_BODY_CLASS" description="WF_PARAM_EDITOR_BODY_CLASS_DESC" />
        </params>
	<params group="compression">
		<param name="compress_javascript" type="radio" default="1" label="WF_PARAM_COMPRESS_JAVASCRIPT" description="WF_PARAM_COMPRESS_JAVASCRIPT_DESC">
			<option value="1">WF_OPTION_YES</option>
			<option value="0">WF_OPTION_NO</option>
		</param>
		<param name="compress_css" type="radio" default="1" label="WF_PARAM_COMPRESS_CSS" description="WF_PARAM_COMPRESS_CSS_DESC">
			<option value="1">WF_OPTION_YES</option>
			<option value="0">WF_OPTION_NO</option>
		</param>
		<param name="compress_gzip" type="radio" default="0" label="WF_PARAM_COMPRESS_GZIP" description="WF_PARAM_COMPRESS_GZIP_DESC">
			<option value="1">WF_OPTION_YES</option>
			<option value="0">WF_OPTION_NO</option>
		</param>
	</params>
	<params group="advanced">
		<param name="use_cookies" type="radio" default="1" label="WF_PARAM_USE_COOKIES" description="WF_PARAM_USE_COOKIES_DESC">
			<option value="1">WF_OPTION_YES</option>
			<option value="0">WF_OPTION_NO</option>
		</param>
		<param name="custom_config" type="textarea" rows="5" cols="50" default="" label="WF_PARAM_CUSTOM_CONFIG" description="WF_PARAM_CUSTOM_CONFIG_DESC" />
		<param name="callback_file" type="text" default="" size="50" label="WF_PARAM_CALLBACK" description="WF_PARAM_CALLBACK_DESC" />
	</params>
	<!--params group="other">
		<param name="help_url" type="text" size="80" default="http://www.joomlacontenteditor.net/index.php?option=com_content&amp;view=article" label="WF_PARAM_HELP_URL" description="WF_PARAM_HELP_URL_DESC" />
	</params-->
</config>