<?xml version="1.0" encoding="utf-8"?>
<extension version="2.5" type="package" method="upgrade">
	<packagename>sigplus</packagename>
	<packager>Levente Hunyadi</packager>
	<name>sigplus</name>
	<author>Levente Hunyadi</author>
	<creationDate>Apr 29, 2014</creationDate>
	<copyright>© 2009-2014 Levente Hunyadi. All rights reserved.</copyright>
	<license>GNU/GPL</license>
	<authorUrl>http://hunyadi.info.hu/projects/sigplus</authorUrl>
	<version>1.5.0.206</version>
	<downloadUrl>http://joomlacode.org/gf/project/sigplus/frs/</downloadUrl>
	<files>
		<file id="sigplus" type="plugin" group="content">plg_content_sigplus.ar.zip</file>
		<file id="sigplus" type="plugin" group="search">plg_search_sigplus.ar.zip</file>
		<file id="sigplus" type="plugin" group="editors-xtd">plg_button_sigplus.ar.zip</file>
		<file id="mod_sigplus" type="module" client="site">mod_sigplus.ar.zip</file>
	</files>
</extension>